kode,pemda,geo,lat,lon,2018,2022
999915,Kab. Muna Barat,MultiPolygon,"-4,7474054","122,438893",0.3696307866260257,0.3969525578046084
999017,Kab. Buton Selatan,MultiPolygon,"-5,716067449","122,6433225",0.3163394997336649,0.3221091345584755
999016,Kab. Buton Tengah,MultiPolygon,"-5,351074374","122,388436",0.3163394997336649,0.32203191583806834
999015,Kab. Musi Rawas Utara,Polygon,"-2,875623248","102,6870295",0.3572822154651991,0.3573378314393943
999014,Kab. Konawe Kepulauan,MultiPolygon,"-4,127632468","123,0361411",0.3172924558080806,0.32328752614030887
999013,Kab. Morowali Utara,MultiPolygon,"-1,87541922","121,4573738",0.3054015003551141,0.3054625971630365
999012,Kab. Kolaka Timur,Polygon,"-3,973702574","121,6713583",0.3211408333826551,0.3252522601503318
999011,Kab. Penukal Abab Lematang Ilir,Polygon,"-3,242336088","104,1084123",0.4624247602982959,0.48790314028961496
999010,Kab. Pulau Taliabu,MultiPolygon,"-1,810123146","124,6857048",0.3045480007595486,0.3045480007595486
999009,Kab. Banggai Laut,MultiPolygon,"-1,863089894","123,5318777",0.3321838810467966,0.3364637031940495
999008,Kab. Mamuju Tengah,MultiPolygon,"-2,086827318","119,3958138",0.3120919214113793,0.3191759390782829
999007,Kab. Malaka,Polygon,"-9,466933866","124,8808787",0.3045463115037093,0.3045757378472222
999006,Kab. Mahakam Ulu,Polygon,"1,037745555","114,9655331",0.325917722143308,0.32739529079861096
999005,Kab. Pegunungan Arfak,Polygon,"-1,213153855","133,7374535",0.3199395566998106,0.32009649103338045
999004,Kab. Manokwari Selatan,Polygon,"-1,521315589","134,0194899",0.3377481664792451,0.3451163798630834
999003,Kab. Pesisir Barat,MultiPolygon,"-5,319857381","104,0661182",0.3376406829525723,0.35259298305318826
999002,Kab. Pangandaran,MultiPolygon,"-7,711819901","108,5640556",0.5483984929865059,0.597649098405934
998510,Kab. Manggarai Barat,MultiPolygon,"-8,595953416","119,8046255",0.3065254535097066,0.3062756902521308
998503,Kab. Mukomuko,Polygon,"-2,733013653","101,3538934",0.3420641103416981,0.34891333994239215
998498,Kab. Teluk Wondama,MultiPolygon,"-2,367405531","134,3243462",0.3314064164595172,0.33200858684501244
998481,Kab. Teluk Bintuni,MultiPolygon,"-2,366674315","133,6496509",0.3574518315479008,0.35746676358309665
998477,Kab. Yahukimo,Polygon,"-4,494784392","139,4961312",0.3474544394136682,0.3482539691347065
998460,Kab. Waropen,MultiPolygon,"-2,576643505","136,8404339",0.3111205623125788,0.3121250406901043
998456,Kab. Raja Ampat,MultiPolygon,"-0,988080712","130,4374933",0.3055976574830326,0.3058913722182757
998442,Kab. Sorong Selatan,MultiPolygon,"-1,426864399","132,0679098",0.3518753082583654,0.3519323298907047
998435,Kab. Kaimana,MultiPolygon,"-3,725189411","134,0853101",0.343343296243687,0.34599626020951657
998421,Kab. Pegunungan Bintang,Polygon,"-4,564479226","140,4691795",0.3170164720939863,0.3169927177043875
998414,Kab. Tolikara,Polygon,"-3,340693318","138,2701749",0.3451099742542615,0.3449042179608587
998400,Kab. Keerom,Polygon,"-3,212450487","140,5417469",0.3524292362097536,0.353026899857954
998392,Kab. Sarmi,MultiPolygon,"-2,597246974","139,2194016",0.3352928947679919,0.3354111241812662
998388,Kab. Boven Digoel,Polygon,"-6,006888367","140,2219545",0.3585571289062497,0.3585619562322441
998371,Kab. Asmat,MultiPolygon,"-5,337754854","138,5515789",0.3398605870718912,0.3398605870718912
998367,Kab. Mappi,MultiPolygon,"-6,568574022","139,0750607",0.3595511881510416,0.35961271035550807
998350,Kota Tidore Kepulauan,MultiPolygon,"0,515060997","127,5673917",0.3051803064827965,0.3054019442471594
998346,Kab. Halmahera Timur,MultiPolygon,"1,060693343","128,3675037",0.3383845227174082,0.3439499918619795
998332,Kab. Kepulauan Sula,MultiPolygon,"-1,912656608","125,8161612",0.3045480007595486,0.3045480007595486
998325,Kab. Halmahera Selatan,MultiPolygon,"-0,693985927","127,7038638",0.3051803064827965,0.3054019442471594
998311,Kab. Halmahera Utara,MultiPolygon,"1,803047342","127,8988611",0.3046494485874367,0.3048569003018466
998304,Kab. Konawe Selatan,MultiPolygon,"-4,311582541","122,6827776",0.3696154045336175,0.3969525763001104
998299,Kab. Pasangkayu,MultiPolygon,"-1,473240443","119,4593016",0.3045480007595486,0.3045480007595486
998278,Kab. Bone Bolango,Polygon,"0,396124434","123,2655604",0.3045479760988793,0.3045480007595486
998261,Kab. Pohuwato,MultiPolygon,"0,660706448","121,5343956",0.3045479760988793,0.3045480007595486
998257,Kota Tomohon,Polygon,"1,328474499","124,7912822",0.3267321777343749,0.32926106154316537
998240,Kab. Minahasa Selatan,MultiPolygon,"1,121346553","124,4691256",0.3267272086095327,0.3292610368824962
998236,Kab. Balangan,Polygon,"-2,204874377","115,6448743",0.3751919648141575,0.3776045674025411
998222,Kab. Tanah Bumbu,MultiPolygon,"-3,476616761","115,711527",0.4123147983743687,0.43667821402501533
998215,Kab. Kaur,Polygon,"-4,658162873","103,4552846",0.3631160420119158,0.3700089949790875
998201,Kab. Seluma,Polygon,"-4,159319629","102,6966338",0.3088974091500946,0.3094643456044819
998193,Kab. Belitung Timur,MultiPolygon,"-2,99073203","108,1756851",0.3045480007595486,0.3045480007595486
998189,Kab. Bangka Selatan,MultiPolygon,"-2,879508321","106,6206161",0.3850348516907355,0.40394285259824847
998172,Kab. Bangka Tengah,MultiPolygon,"-2,367410956","106,2213062",0.3850348516907355,0.40394285259824847
998168,Kab. Bangka Barat,MultiPolygon,"-1,736796181","105,5010934",0.3046945467862214,0.30483691282946646
998151,Kab. Humbang Hasundutan,MultiPolygon,"2,248641213","98,69477061",0.3111111419369481,0.3107095367739901
998147,Kab. Pakpak Bharat,Polygon,"2,565656968","98,19114047",0.3111111419369481,0.3107095367739901
998130,Kab. Nias Selatan,MultiPolygon,"0,078352107","98,2653798",0.3069604368884149,0.3060826711943649
998126,Kota Banjar,Polygon,"-7,377975249","108,5481515",0.5483984929865059,0.571561501242897
997625,Kota Bima,Polygon,"-8,434425803","118,7745994",0.3154333742700442,0.3172610257851957
997611,Kota Pariaman,MultiPolygon,"-0,614217951","100,1442733",0.3709751815025252,0.3958082226069284
997604,Kota Palopo,MultiPolygon,"-2,980834485","120,1562743",0.3329119009923455,0.3331060791015621
997599,Kab. Mamasa,Polygon,"-2,983785439","119,5183674",0.3120830127446338,0.3191759390782829
997582,Kab. Parigi Moutong,MultiPolygon,"-0,072227366","120,5044684",0.3277283886225532,0.3330047360815176
997578,Kab. Rote Ndao,MultiPolygon,"-10,69590723","123,1727772",0.3045494803997,0.3045494803997
997561,Kab. Penajam Paser Utara,MultiPolygon,"-1,135637554","116,625245",0.3542489716500946,0.3548843661221592
997557,Kab. Banyuasin,MultiPolygon,"-2,320450036","104,6495408",0.3984597069326074,0.4034387083727909
997540,Kab. Barito Timur,Polygon,"-2,00509462","115,3084677",0.3753713218611901,0.377748943290325
997536,Kab. Murung Raya,Polygon,"0,03924642","113,8845799",0.3494201783459598,0.34997051816998104
997522,Kab. Pulang Pisau,Polygon,"-3,281707151","113,8721038",0.3504067099214804,0.3529617217092801
997515,Kab. Gunung Mas,Polygon,"-0,679913553","113,4752426",0.3494201783459598,0.34997051816998104
997501,Kab. Lamandau,Polygon,"-1,799907199","111,3384078",0.3467011669428658,0.34689741654829526
997493,Kab. Sukamara,Polygon,"-2,707173241","111,069472",0.3555068322383993,0.3580723679667767
997489,Kab. Seruyan,Polygon,"-2,093082919","112,0990099",0.3596116992680718,0.3603278944227428
997472,Kab. Katingan,MultiPolygon,"-2,27887557","113,0949484",0.3706230826329698,0.3754837005306975
997468,Kab. Aceh Tamiang,MultiPolygon,"4,310345927","98,05106646",0.3720214412188292,0.38373351434264524
997451,Kab. Nagan Raya,Polygon,"4,122246197","96,51735791",0.3270764899976329,0.3314530559501259
997447,Kab. Aceh Jaya,MultiPolygon,"4,862741465","95,4953366",0.3045480007595486,0.3045480007595486
997430,Kab. Gayo Lues,Polygon,"3,892815374","97,44188462",0.3053910010752054,0.30544602519333947
997426,Kab. Aceh Barat Daya,MultiPolygon,"3,801342687","96,76451341",0.3085434668955177,0.3091109273891253
997412,Kab. Kepulauan Talaud,MultiPolygon,"4,208297749","126,7934797",0.304547556867503,0.30454755686750307
994782,Kota Bau-bau,MultiPolygon,"-5,439229675","122,6603062",0.3163394997336649,0.3221347446634315
994775,Kota Singkawang,Polygon,"0,895646844","109,0489556",0.358200658933081,0.3647286339962115
994761,Kota Batu,Polygon,"-7,859529972","112,5450726",0.5577280187125164,0.561938273111979
994754,Kota Cimahi,Polygon,"-6,880257751","107,545021",0.4537076021444921,0.45375110973011423
994740,Kota Tasikmalaya,Polygon,"-7,355806037","108,2292557",0.5483984929865059,0.571561501242897
994733,Kota Lubuk Linggau,Polygon,"-3,320900119","102,8891138",0.3364096161813443,0.3417668444700906
994729,Kota Pagar Alam,Polygon,"-4,105786107","103,2893082",0.3631564731790558,0.3700427122790404
994712,Kota Prabumulih,Polygon,"-3,473692991","104,2288495",0.4624247602982959,0.48790314028961496
994708,Kota Tanjung Pinang,MultiPolygon,"0,913011614","104,4557319",0.308340096521859,0.30887758197206416
994690,Kota Padang Sidempuan,Polygon,"1,339331336","99,29865492",0.3319890617601796,0.3320627971610635
994686,Kota Lhokseumawe,Polygon,"5,170073792","97,11275451",0.4186110679549403,0.43107529148910967
994672,Kota Langsa,MultiPolygon,"4,500031392","98,01226735",0.3720214412188292,0.38373351434264524
993401,Kab. Mimika,MultiPolygon,"-4,525184959","136,2562763",0.3343307402639679,0.3353833809284248
993393,Kab. Paniai,Polygon,"-3,859066276","136,5741145",0.3467706298828126,0.34761716283933114
993389,Kab. Puncak Jaya,Polygon,"-3,278204173","137,8621025",0.3512684276850533,0.3510796009410505
993372,Kab. Simeulue,MultiPolygon,"2,590405217","96,15669503",0.3045480007595486,0.3045480007595486
993368,Kota Kupang,Polygon,"-10,20054386","123,5986864",0.3045494803997,0.3045494803997
993351,Kab. Tanggamus,MultiPolygon,"-5,584712573","104,8292362",0.3376406829525723,0.3527058241102433
993347,Kab. Tulang Bawang,MultiPolygon,"-4,460985497","105,4676524",0.464168491556187,0.5014458180437182
993330,Kota Bekasi,Polygon,"-6,303436937","106,9635692",0.4502420198074498,0.4504517896247633
993326,Kota Kendari,MultiPolygon,"-3,990004742","122,5652435",0.3545686047486585,0.378085240836095
993312,Kota Jayapura,MultiPolygon,"-2,566866398","140,7266335",0.3045480007595486,0.3045480007595486
993305,Kab. Nabire,MultiPolygon,"-3,222462069","135,3236306",0.3097957726680865,0.3104011674360792
993290,Kab. Jayawijaya,Polygon,"-4,126760517","138,8750249",0.3162005738537721,0.31628633133088757
993283,Kab. Merauke,MultiPolygon,"-7,960905872","138,9715252",0.304540436099274,0.304540436099274
993279,Kab. Fak Fak,MultiPolygon,"-2,932125764","132,4218578",0.3279597920119165,0.32795137655855483
993262,Kab. Sorong,MultiPolygon,"-1,053687448","131,4113096",0.339774854255445,0.3422915926846592
993258,Kab. Kepulauan Yapen,MultiPolygon,"-1,747256538","136,0628748",0.3435697921598801,0.3469967250631312
993241,Kab. Manokwari,MultiPolygon,"-0,924417975","133,810166",0.3045480007595486,0.3045480007595486
993237,Kab. Biak Numfor,MultiPolygon,"-1,082068865","135,7470616",0.3099707092901678,0.3107629949396302
993220,Kab. Jayapura,MultiPolygon,"-2,573054039","140,2718836",0.3045480007595486,0.3045480007595486
993202,Kota Ambon,MultiPolygon,"-3,68764252","128,1884885",0.3220924947719378,0.32416815247198566
993194,Kab. Halmahera Tengah,MultiPolygon,"0,281824945","128,7413801",0.3194815155954074,0.3197584549104319
993180,Kab. Halmahera Barat,MultiPolygon,"1,395942587","127,5308105",0.3046494485874367,0.3048569003018466
993173,Kab. Maluku Tenggara,MultiPolygon,"-5,703630302","132,8701112",0.3047314699731691,0.3046654287010733
993169,Kab. Maluku Tengah,MultiPolygon,"-3,607767028","128,9886121",0.3228429805871214,0.32416815247198566
993148,Kab. Kolaka,MultiPolygon,"-4,150182496","121,5199887",0.3071019459734058,0.31070748377327967
993131,Kab. Muna,MultiPolygon,"-4,780986216","122,7101773",0.3696433019156404,0.3969525763001104
993127,Kab. Buton,MultiPolygon,"-5,323880506","122,8967428",0.3162838036122946,0.3221297262172509
993110,Kab. Konawe,MultiPolygon,"-3,662343831","121,9817649",0.3211408333826551,0.3258493072818024
993091,Kota Bitung,MultiPolygon,"1,466433854","125,2211477",0.3312418619791665,0.33164203682331095
993084,Kota Gorontalo,Polygon,"0,52076628","123,0562155",0.3045480007595486,0.3045480007595486
993070,Kota Manado,MultiPolygon,"1,577223295","124,7843758",0.3267321777343749,0.32926106154316537
993063,Kab. Sangihe,MultiPolygon,"3,591140485","125,5627804",0.3045480007595486,0.3045480007595486
993059,Kab. Bolaang Mongondow,MultiPolygon,"0,802434949","123,954355",0.3045479760988793,0.3045480007595486
993042,Kab. Minahasa,MultiPolygon,"1,321937736","124,8165372",0.3267321777343749,0.32926106154316537
993038,Kab. Gorontalo,Polygon,"0,597614569","122,7896985",0.3047992498224428,0.304769996103614
993017,Kota Palu,Polygon,"-0,814801212","119,8737108",0.3045480007595486,0.3045480007595486
993000,Kab. Banggai,MultiPolygon,"-0,896735166","122,7679963",0.3047992498224428,0.30477255464804265
992998,Kab. Toli-Toli,MultiPolygon,"1,023141941","120,6624732",0.30768988098761,0.30856494633838416
992981,Kab. Donggala,MultiPolygon,"-0,301313944","119,7813131",0.3045480007595486,0.3045480007595486
992977,Kab. Poso,MultiPolygon,"-1,511503618","120,5648456",0.3895636294586485,0.4040283203124997
992956,Kota Pare-pare,Polygon,"-4,023792482","119,6538658",0.3045480007595486,0.3045480007595486
992942,Kota Makassar,MultiPolygon,"-5,131838044","119,4312243",0.3055625345249364,0.3058862859552557
992935,Kab. Enrekang,Polygon,"-3,45395044","119,8858946",0.3295196964764838,0.33360153660629716
992921,Kab. Polewali Mandar,MultiPolygon,"-3,363315633","119,2056858",0.3295196964764838,0.33360153660629716
992914,Kab. Soppeng,Polygon,"-4,339853577","119,8929216",0.3045480007595486,0.3045480007595486
992900,Kab. Pangkajene Kepulauan,MultiPolygon,"-6,185371593","118,2622575",0.304540436099274,0.304540436099274
992892,Kab. Sidenreng Rappang,Polygon,"-3,859026536","119,8998269",0.3295196964764838,0.333601511945628
992888,Kab. Barru,MultiPolygon,"-4,369491905","119,6622715",0.3045480007595486,0.3045480007595486
992871,Kab. Takalar,MultiPolygon,"-5,457061992","119,3476754",0.3055625345249364,0.305899183485243
992867,Kab. Kepulauan Selayar,MultiPolygon,"-6,932425322","120,9405182",0.304540436099274,0.304540436099274
992850,Kab. Jeneponto,MultiPolygon,"-5,541235737","119,7218361",0.3055625345249364,0.305899183485243
992846,Kab. Bantaeng,Polygon,"-5,491358543","119,9698593",0.3055625345249364,0.305899183485243
992832,Kab. Bulukumba,MultiPolygon,"-5,459034029","120,2539288",0.3578337513316756,0.37227831291429914
992825,Kab. Sinjai,MultiPolygon,"-5,20965562","120,1181896",0.3578337513316756,0.37227831291429914
992811,Kab. Luwu,MultiPolygon,"-3,081491724","120,159793",0.374898909751815,0.40636581883285927
992804,Kab. Majene,MultiPolygon,"-3,251134887","118,8994748",0.3045480007595486,0.3045480007595486
992799,Kab. Maros,MultiPolygon,"-4,955691213","119,7028021",0.3045480007595486,0.3045480007595486
992782,Kab. Tana Toraja,Polygon,"-2,995062465","119,6781583",0.3120919214113793,0.3191759144176137
992778,Kab. Bone,MultiPolygon,"-4,713815259","120,1393939",0.405655116842251,0.4468920898437501
992761,Kab. Mamuju,MultiPolygon,"-2,479607061","119,3240456",0.3120919214113793,0.3191759144176137
992757,Kab. Wajo,Polygon,"-4,036198606","120,1918524",0.405655116842251,0.446892108339252
992740,Kab. Gowa,Polygon,"-5,376857615","119,7135064",0.3055625345249364,0.3058887150311711
992736,Kab. Pinrang,MultiPolygon,"-3,735303633","119,5943531",0.3295169714725381,0.33360153660629716
992579,Kab. Sumba Barat,MultiPolygon,"-9,651662697","119,346443",0.3057697642933236,0.30596211134785334
992562,Kab. Sumba Timur,MultiPolygon,"-9,886143895","120,172761",0.307208529385653,0.3077871488320703
992558,Kab. Manggarai,MultiPolygon,"-8,570010669","120,3906861",0.304540436099274,0.304540436099274
992541,Kab. Ngada,MultiPolygon,"-8,600385942","120,9787173",0.304540436099274,0.304540436099274
992537,Kab. Ende,MultiPolygon,"-8,669188469","121,8209513",0.304540436099274,0.304540436099274
992520,Kab. Flores Timur,MultiPolygon,"-8,359646705","122,9533097",0.304570367986506,0.7099491497001256
992516,Kab. Sikka,MultiPolygon,"-8,59185898","122,1680595",0.304570367986506,0.304628468523122
992502,Kab. Alor,MultiPolygon,"-8,330551808","124,3721219",0.3062298953894413,0.30656653818458046
992494,Kab. Timor Tengah Selatan,Polygon,"-9,69528752","124,391574",0.3045463115037093,0.3045757378472222
992480,Kab. Timor Tengah Utara,Polygon,"-9,377069649","124,4941406",0.3045463115037093,0.30457571318655297
992473,Kab. Belu,Polygon,"-9,196404231","124,937926",0.3045463115037093,0.30457571318655297
992469,Kab. Kupang,MultiPolygon,"-10,07124921","123,6915415",0.3045494803997,0.3045494803997
992448,Kota Mataram,Polygon,"-8,593928658","116,1187352",0.3045594248145515,0.3045697884607794
992431,Kab. Dompu,MultiPolygon,"-8,481588589","118,1921683",0.3154492865668402,0.3171585113833649
992427,Kab. Sumbawa,MultiPolygon,"-8,61303032","117,5110934",0.304540436099274,0.304540436099274
992410,Kab. Bima,MultiPolygon,"-8,520404215","118,7507301",0.3154492865668402,0.3171410701250789
992406,Kab. Lombok Timur,MultiPolygon,"-8,660588062","116,5393242",0.3045594248145515,0.3045697884607794
992391,Kab. Lombok Tengah,MultiPolygon,"-8,757795836","116,2752301",0.3045594248145515,0.3045697884607794
992384,Kab. Lombok Barat,MultiPolygon,"-8,748041463","116,0402299",0.3045560524680397,0.3045697884607794
992363,Kota Denpasar,MultiPolygon,"-8,672005272","115,2072534",0.3506681500059184,0.35606783780184637
992359,Kab. Tabanan,MultiPolygon,"-8,419911237","115,0557776",0.3506681500059184,0.357480635209517
992342,Kab. Badung,MultiPolygon,"-8,577711576","115,1993253",0.3506681500059184,0.35722420740609145
992338,Kab. Bangli,Polygon,"-8,332628495","115,3399688",0.3506681500059184,0.35722420740609145
992321,Kab. Karangasem,MultiPolygon,"-8,398074385","115,5382321",0.3506681500059184,0.35771735297309026
992317,Kab. Gianyar,Polygon,"-8,499604244","115,3115841",0.3506681500059184,0.35722420740609145
992300,Kab. Klungkung,MultiPolygon,"-8,602248878","115,4202048",0.3499671519886358,0.35722420740609145
992295,Kab. Jembrana,MultiPolygon,"-8,309775668","114,6845043",0.4490195904356054,0.47053098119870557
992281,Kab. Buleleng,MultiPolygon,"-8,200656074","114,9184977",0.4490109715317227,0.47052184442077033
992260,Kota Banjarmasin,Polygon,"-3,340148365","114,5784617",0.3627818406230275,0.3678143557153564
992253,Kab. Hulu Sungai Utara,Polygon,"-2,484298868","115,2442003",0.3754741075303823,0.377748943290325
992249,Kab. Kotabaru,MultiPolygon,"-3,501050265","116,1383854",0.3596405769116945,0.3626872546263401
992232,Kab. Tabalong,Polygon,"-1,823479114","115,5122313",0.3731256781684016,0.3837042667889832
992228,Kab. Barito Kuala,MultiPolygon,"-3,229985307","114,5722559",0.3627818406230275,0.36781436804569106
992211,Kab. Hulu Sungai Tengah,Polygon,"-2,656861048","115,5548714",0.3754744342842492,0.37774896795099416
992207,Kab. Hulu Sungai Selatan,Polygon,"-2,719344463","115,3059061",0.3754761666962599,0.37760022712476315
992192,Kab. Tapin,Polygon,"-3,02323848","115,1339392",0.4123147798788668,0.43646317915482874
992185,Kab. Tanah Laut,MultiPolygon,"-3,773256756","114,8740722",0.3627818406230275,0.3678143557153564
992171,Kab. Banjar,Polygon,"-3,315342212","114,9426625",0.3627818406230275,0.36781436804569106
992150,Kota Balikpapan,MultiPolygon,"-1,169010348","116,8595077",0.3543268007220644,0.3548937125157822
992143,Kota Samarinda,Polygon,"-0,476888758","117,190146",0.3822371974135889,0.3917072581281567
992139,Kab. Berau,MultiPolygon,"1,652796449","117,9861615",0.3646327718098955,0.3696154230291192
992122,Kab. Bulungan,MultiPolygon,"3,10002905","117,4613375",0.3497638617621528,0.3510597182765149
992118,Kab. Paser,Polygon,"-1,453248485","116,284525",0.3542789281979961,0.35488418733230725
992101,Kab. Kutai Kartanegara,MultiPolygon,"-0,662161385","117,3480736",0.3822371974135889,0.3917072581281567
992082,Kota Palangkaraya,Polygon,"-2,199877332","113,876417",0.3704135532571814,0.3754837005306975
992075,Kab. Kotawaringin Barat,MultiPolygon,"-2,705300126","111,815659",0.3562429162227744,0.3580723679667767
992061,Kab. Kotawaringin Timur,MultiPolygon,"-2,539020792","112,7844798",0.3596116992680718,0.3603278944227428
992054,Kab. Barito Selatan,Polygon,"-1,772335563","115,0127081",0.3731274414062491,0.38394218059501195
992040,Kab. Barito Utara,Polygon,"-0,812883177","115,1547538",0.3540778882575752,0.354806839143387
992033,Kab. Kapuas,MultiPolygon,"-1,965223341","114,3061109",0.3618752281111901,0.36520156397964093
992012,Kota Pontianak,Polygon,"-0,040666799","109,3416469",0.358200658933081,0.36471971299913136
992008,Kab. Ketapang,MultiPolygon,"-1,245108769","110,2989678",0.3525754308218902,0.36243092546559286
991993,Kab. Kapuas Hulu,Polygon,"1,013762593","113,1525572",0.3461262034406566,0.3509921788687661
991989,Kab. Mempawah,MultiPolygon,"0,381700927","109,1295003",0.358200658933081,0.3647286339962115
991972,Kab. Sintang,Polygon,"0,245386795","111,6694104",0.3648560988300977,0.37691245339133506
991968,Kab. Sanggau,Polygon,"0,043121132","110,1521883",0.364085539230193,0.36852191963581116
991951,Kab. Sambas,Polygon,"1,368056815","109,3209049",0.370046312736743,0.3864887769294512
991930,Kota Madiun,MultiPolygon,"-7,627765741","111,526913",0.5811251307015465,0.5973397611367575
991926,Kota Kediri,Polygon,"-7,831098942","112,0198118",0.5577372171421249,0.561938273111979
991912,Kota Blitar,Polygon,"-8,094420998","112,1705826",0.5592501307015468,0.5667783548374375
991905,Kota Probolinggo,Polygon,"-7,762817477","113,2160439",0.5102437213936234,0.505912413934265
991890,Kota Pasuruan,Polygon,"-7,642148533","112,9130296",0.5577372171421249,0.561938273111979
991883,Kota Malang,Polygon,"-7,978317025","112,6252952",0.5577372171421249,0.561938273111979
991879,Kota Mojokerto,Polygon,"-7,474977074","112,435701",0.5577372171421249,0.561938273111979
991862,Kota Surabaya,Polygon,"-7,247399618","112,7641307",0.5577371924814558,0.5619382484513098
991858,Kab. Lamongan,MultiPolygon,"-6,978168888","112,3344311",0.304540436099274,0.304540436099274
991841,Kab. Tuban,Polygon,"-6,84396649","111,9531768",0.304540436099274,0.304540436099274
991837,Kab. Bojonegoro,Polygon,"-7,259265298","111,8291047",0.5811251307015465,0.5973397611367575
991820,Kab. Pacitan,MultiPolygon,"-8,219153416","111,1943033",0.5251261023319121,0.5689278157552082
991816,Kab. Ponorogo,Polygon,"-7,95812186","111,4871443",0.5811251122060447,0.5973397611367575
991802,Kab. Magetan,Polygon,"-7,637303376","111,3952605",0.5811251307015465,0.5973397611367575
991794,Kab. Ngawi,Polygon,"-7,464870227","111,4295693",0.5811251307015465,0.5973397611367575
991780,Kab. Madiun,Polygon,"-7,602244706","111,5834192",0.5811251307015465,0.5973397611367575
991773,Kab. Blitar,MultiPolygon,"-8,265354351","112,2098923",0.559035829486269,0.5667783548374375
991769,Kab. Trenggalek,MultiPolygon,"-8,281936706","111,6032134",0.5251261023319121,0.5689278157552082
991752,Kab. Nganjuk,Polygon,"-7,566910664","111,93512",0.5811251307015465,0.5973397611367575
991748,Kab. Tulungagung,MultiPolygon,"-8,220168477","111,8610611",0.5251261023319121,0.5689278157552082
991731,Kab. Kediri,Polygon,"-7,837515451","112,1153775",0.5577372171421249,0.561938273111979
991727,Kab. Lumajang,Polygon,"-8,056491341","113,1696571",0.5028136343907826,0.51787278300584
991710,Kab. Probolinggo,MultiPolygon,"-7,760948324","113,3810389",0.5102437213936234,0.505912413934265
991706,Kab. Pasuruan,Polygon,"-7,693536554","112,9150796",0.5577372171421249,0.561938273111979
991691,Kab. Malang,MultiPolygon,"-8,30731207","112,6914663",0.5593570778586645,0.5667640948054768
991684,Kab. Jember,MultiPolygon,"-8,409344645","113,6417471",0.5028136343907826,0.517872801501342
991670,Kab. Banyuwangi,MultiPolygon,"-8,507270898","114,2382236",0.4490109715317227,0.47052184442077033
991663,Kab. Situbondo,Polygon,"-7,739305658","114,0692055",0.408385126903804,0.41219140255089937
991659,Kab. Bondowoso,Polygon,"-7,959053236","113,9313378",0.5102437213936234,0.505912413934265
991642,Kab. Bangkalan,MultiPolygon,"-7,034634347","112,9571143",0.5577372171421249,0.561938273111979
991638,Kab. Sumenep,MultiPolygon,"-6,974480562","114,508371",0.304540436099274,0.304540436099274
991621,Kab. Pamekasan,Polygon,"-7,042009355","113,5729427",0.5102437213936234,0.505912413934265
991617,Kab. Sampang,MultiPolygon,"-7,055565544","113,2032687",0.5102437213936234,0.505912413934265
991600,Kab. Jombang,Polygon,"-7,526103803","112,2499026",0.5577372171421249,0.561914845476246
991595,Kab. Sidoarjo,MultiPolygon,"-7,476967213","112,8113519",0.5577372171421249,0.561938273111979
991581,Kab. Mojokerto,Polygon,"-7,435156505","112,4645548",0.5577372171421249,0.561938273111979
991574,Kab. Gresik,MultiPolygon,"-6,485074568","112,590535",0.304540436099274,0.304540436099274
991553,Kota Yogyakarta,Polygon,"-7,804041724","110,3744277",0.4856516828440664,0.5069582852450286
991549,Kab. Kulon Progo,Polygon,"-7,859298728","110,118558",0.4860933246034565,0.5069582852450286
991532,Kab. Gunung Kidul,MultiPolygon,"-8,030678478","110,6438953",0.3833755523989901,0.38543117330531884
991528,Kab. Sleman,Polygon,"-7,710592491","110,4033063",0.4858181916824498,0.5069582852450286
991511,Kab. Bantul,Polygon,"-7,934834459","110,3109714",0.4860933246034565,0.5069582852450286
991492,Kota Surakarta,Polygon,"-7,564115499","110,8176846",0.4860933246034565,0.5065018224234532
991485,Kota Magelang,Polygon,"-7,471277167","110,2193781",0.4860933246034565,0.5069582852450286
991471,Kota Tegal,Polygon,"-6,862417876","109,1218798",0.304540436099274,0.304540436099274
991464,Kota Pekalongan,Polygon,"-6,891424884","109,6768432",0.3045404114386048,0.304540436099274
991450,Kota Salatiga,Polygon,"-7,330240752","110,5013978",0.4860933246034565,0.5069582852450286
991443,Kota Semarang,MultiPolygon,"-6,987957393","110,4011943",0.3046384067728063,0.3045640980113636
991439,Kab. Wonogiri,Polygon,"-7,996706729","110,9027529",0.4860933246034565,0.5069582852450286
991422,Kab. Karanganyar,MultiPolygon,"-7,588624154","110,9430761",0.4860933246034565,0.5069582852450286
991418,Kab. Sukoharjo,Polygon,"-7,684685643","110,7900101",0.4860933246034565,0.5069582605843594
991401,Kab. Sragen,Polygon,"-7,38714243","110,9844408",0.4860933246034565,0.5069582852450286
991396,Kab. Boyolali,Polygon,"-7,413293505","110,634701",0.4860933246034565,0.5069582852450286
991382,Kab. Klaten,Polygon,"-7,706622331","110,6232178",0.4860933246034565,0.5069582852450286
991375,Kab. Kebumen,MultiPolygon,"-7,767755339","109,6290631",0.5364424703578758,0.5581359000157828
991361,Kab. Purworejo,Polygon,"-7,812060425","109,9565881",0.5312915470624204,0.5581359000157828
991354,Kab. Wonosobo,Polygon,"-7,413055861","109,9055796",0.5366046574139829,0.5581359000157828
991340,Kab. Temanggung,Polygon,"-7,166451225","110,1353886",0.4860932999427872,0.2027333700777307
991333,Kab. Magelang,Polygon,"-7,584375027","110,2763534",0.4860259763158938,0.5069582852450286
991329,Kab. Banjarnegara,Polygon,"-7,35902194","109,6548452",0.5312915470624204,0.5581359000157828
991312,Kab. Purbalingga,Polygon,"-7,346099692","109,3777858",0.5366046574139829,0.5581359000157828
991308,Kab. Cilacap,MultiPolygon,"-7,686803654","108,9929866",0.5483984929865059,0.5712872930969846
991290,Kab. Banyumas,Polygon,"-7,43086203","109,2043877",0.5366046574139829,0.5581359000157828
991286,Kab. Blora,Polygon,"-7,037265314","111,3645836",0.5811251307015465,0.5973671221492265
991272,Kab. Rembang,MultiPolygon,"-6,707264838","111,4492887",0.304540436099274,0.304540436099274
991265,Kab. Jepara,MultiPolygon,"-6,251375784","110,6212941",0.3046384067728063,0.3045570265644728
991251,Kab. Pemalang,Polygon,"-7,010219494","109,414246",0.5365959953539285,0.5581359000157828
991244,Kab. Kudus,Polygon,"-6,794016888","110,9013169",0.3046381355054453,0.3045570203993055
991230,Kab. Pati,Polygon,"-6,692711995","111,0578439",0.304540436099274,0.304540436099274
991223,Kab. Brebes,Polygon,"-7,07475796","109,0046856",0.5366046574139829,0.5581359000157828
991219,Kab. Tegal,Polygon,"-7,045060755","109,1427134",0.5366046574139829,0.5581359000157828
991202,Kab. Batang,Polygon,"-7,015797879","109,8510109",0.5366046574139829,0.5581359000157828
991197,Kab. Pekalongan,Polygon,"-7,039500289","109,6285633",0.5366046574139829,0.5581359000157828
991180,Kab. Grobogan,Polygon,"-7,125266412","110,8851829",0.4860933246034565,0.506705266779119
991176,Kab. Demak,Polygon,"-6,926453017","110,5929196",0.3046384067728063,0.3045640980113636
991162,Kab. Kendal,Polygon,"-7,062721315","110,1547581",0.4860265435112849,0.5069582852450286
991155,Kab. Semarang,MultiPolygon,"-7,30053861","110,5242842",0.4860933246034565,0.5069582852450286
991134,Kota Tangerang,Polygon,"-6,182028243","106,6590168",0.4502506818675031,0.4504556120284879
991120,Kota Cirebon,Polygon,"-6,741820792","108,5531021",0.3094668486624052,0.30990434126420396
991113,Kota Sukabumi,Polygon,"-6,930185472","106,925105",0.4502104664812184,0.4504844033597696
991109,Kota Bogor,Polygon,"-6,602734777","106,7955933",0.450240022293245,0.4504844033597696
991091,Kota Bandung,Polygon,"-6,896260167","107,6447844",0.453674143781566,0.45375110973011423
991087,Kab. Majalengka,Polygon,"-6,752948734","108,1941182",0.3094668486624052,0.30990434126420396
991070,Kab. Indramayu,MultiPolygon,"-6,408997235","108,1381238",0.3094668486624052,0.30990434126420396
991066,Kab. Kuningan,Polygon,"-6,9740249","108,5435298",0.3094668486624052,0.30990434126420396
991052,Kab. Cirebon,Polygon,"-6,77610302","108,599613",0.3094668486624052,0.30990434126420396
991045,Kab. Ciamis,Polygon,"-7,335930981","108,4364019",0.5483984929865059,0.571561501242897
991031,Kab. Tasikmalaya,MultiPolygon,"-7,642436522","108,1615167",0.5483984929865059,0.571561501242897
991024,Kab. Garut,MultiPolygon,"-7,495099586","107,6868791",0.5090411500256472,0.5167594647648358
991010,Kab. Sumedang,Polygon,"-6,834250698","107,9878074",0.4537076021444921,0.45375110973011423
991003,Kab. Bandung,Polygon,"-7,053719735","107,6310539",0.5090411376953126,0.5167594647648358
990991,Kab. Subang,Polygon,"-6,405984844","107,7238372",0.4537076021444921,0.45375110973011423
990984,Kab. Purwakarta,Polygon,"-6,616323696","107,455869",0.4536917884903726,0.45375110973011423
990970,Kab. Karawang,Polygon,"-6,277330661","107,4114212",0.4536917884903726,0.45375110973011423
990963,Kab. Bekasi,Polygon,"-6,217027974","107,054201",0.4537076021444921,0.45375110973011423
990959,Kab. Cianjur,Polygon,"-7,293015982","107,1303329",0.5090411500256472,0.5167594647648358
990942,Kab. Sukabumi,MultiPolygon,"-7,197659258","106,5568487",0.3345101096413352,0.3406422254774302
990938,Kab. Bogor,Polygon,"-6,454920055","106,8310867",0.4502506818675031,0.4504844033597696
990921,Kab. Tangerang,MultiPolygon,"-6,164389747","106,5444944",0.4502506818675031,0.4504844033597696
990917,Kab. Lebak,MultiPolygon,"-6,788955237","106,243999",0.45021132960464,0.4504844033597696
990900,Kab. Pandeglang,MultiPolygon,"-6,722553103","105,4142346",0.3109938496291035,0.31061670784998435
990895,Kab. Serang,MultiPolygon,"-6,038119439","106,1037794",0.4502506818675031,0.4504844033597696
990811,Kota Bandar Lampung,MultiPolygon,"-5,43252402","105,2681975",0.536732510653409,0.5568786806048771
990807,Kab. Lampung Barat,Polygon,"-5,024366598","104,3458771",0.3376406829525723,0.3527058241102433
990792,Kab. Lampung Utara,Polygon,"-4,864442274","104,7723632",0.4265458602134632,0.44834604590830157
990785,Kab. Lampung Tengah,Polygon,"-4,929700194","105,1248086",0.464168491556187,0.5013561395202026
990771,Kab. Lampung Selatan,MultiPolygon,"-5,601218801","105,5234398",0.536732510653409,0.5568786806048771
990750,Kota Bengkulu,MultiPolygon,"-3,869448555","102,2856836",0.3364096161813443,0.3417668444700906
990743,Kab. Rejang Lebong,Polygon,"-3,391868929","102,7197282",0.3364096161813443,0.3417668444700906
990739,Kab. Bengkulu Selatan,Polygon,"-4,327982046","102,9582947",0.3088974091500946,0.3094643456044819
990722,Kab. Bengkulu Utara,MultiPolygon,"-4,372512951","102,0967016",0.3088974091500946,0.3094643456044819
990701,Kota Pangkal Pinang,Polygon,"-2,133502748","106,1188491",0.3844756895123103,0.40372088808001905
990696,Kota Palembang,Polygon,"-2,976208626","104,7414426",0.3984597069326074,0.4034387083727909
990682,Kab. Ogan Komering Ilir,MultiPolygon,"-3,515195901","105,2389961",0.4396511070174396,0.4746438506155304
990675,Kab. Musi Rawas,Polygon,"-3,204922007","102,8525292",0.3364096161813443,0.3417668444700906
990661,Kab. Lahat,Polygon,"-4,043165676","103,2891633",0.3631491921164775,0.37006601044625925
990654,Kab. Muara Enim,MultiPolygon,"-3,682807419","104,1211091",0.4624247356376267,0.48790314028961496
990640,Kab. Ogan Komering Ulu,Polygon,"-4,041530449","104,2069567",0.4266339912799876,0.44834604590830157
990633,Kab. Musi Banyuasin,Polygon,"-2,521159829","104,2036559",0.3984597069326074,0.4034387083727909
990629,Kab. Bangka,MultiPolygon,"-1,814749981","105,9382709",0.3046960449218747,0.30483691282946646
990612,Kab. Belitung,MultiPolygon,"-2,903713507","107,6056669",0.3045480007595486,0.30454797609887935
990590,Kota Jambi,Polygon,"-1,625143323","103,607132",0.3991263834635417,0.4098453344479956
990586,Kab. Kerinci,Polygon,"-2,092462814","101,5177309",0.3430183919270826,0.34891333994239215
990572,Kab. Merangin,Polygon,"-2,103061405","102,3478908",0.3572822154651991,0.3580374299636996
990565,Kab. Bungo,Polygon,"-1,370987838","101,7829897",0.3527027353614267,0.3598396193379109
990551,Kab. Tanjung Jabung Barat,Polygon,"-1,038811631","103,4220796",0.3991313772490534,0.40977022421480386
990544,Kab. Batanghari,Polygon,"-1,512458765","103,2915956",0.3991263834635417,0.4099028061375475
990523,Kota Batam,MultiPolygon,"0,879802471","104,0803468",0.308340096521859,0.30887758197206416
990519,Kota Pekanbaru,Polygon,"0,589165622","101,5079425",0.3656069237294827,0.36872684363162844
990502,Kab. Indragiri Hilir,MultiPolygon,"-0,038155477","103,5578213",0.3641120001282345,0.3663750542534723
990497,Kab. Indragiri Hulu,Polygon,"-0,468411714","102,3606784",0.3869334766118215,0.40436314438328674
990480,Kab. Bintan,MultiPolygon,"0,91548795","105,4007292",0.3077822783499049,0.3073113212200125
990476,Kab. Bengkalis,MultiPolygon,"1,596904468","101,7681814",0.4116314635613953,0.42614111698035034
990462,Kab. Kampar,Polygon,"0,39098824","100,9811249",0.3709751815025252,0.3958082226069284
990441,Kota Payakumbuh,Polygon,"-0,238875265","100,6085141",0.3709751815025252,0.3958082226069284
990434,Kota Padang,MultiPolygon,"-1,011270166","100,3603592",0.3070588514539933,0.30679063585069427
990420,Kota Sawahlunto,Polygon,"-0,598251984","100,7619649",0.3709751815025252,0.3958082226069284
990413,Kota Solok,Polygon,"-0,790615469","100,6426952",0.3709751815025252,0.3958082226069284
990409,Kota Padang Panjang,Polygon,"-0,47034011","100,4166314",0.3709751815025252,0.3958082226069284
990391,Kota Bukit Tinggi,Polygon,"-0,296580995","100,3672975",0.3709751815025252,0.3958082226069284
990387,Kab. Sijunjung,Polygon,"-0,67238422","101,0601927",0.3656194143584282,0.3687341986762155
990370,Kab. Tanah Datar,Polygon,"-0,445261085","100,5651343",0.3709751815025252,0.3958082226069284
990366,Kab. Pesisir Selatan,MultiPolygon,"-1,408636029","100,5352915",0.3070588267933241,0.30687065355705523
990352,Kab. Padang Pariaman,MultiPolygon,"-0,564785449","100,2231112",0.3709751815025252,0.3958082226069284
990345,Kab. Solok,Polygon,"-0,930785662","100,8021055",0.3709751815025252,0.3958082226069284
990331,Kab. Limapuluh Kota,Polygon,"-0,03038021","100,6350741",0.3709751815025252,0.3958082226069284
990324,Kab. Pasaman,Polygon,"0,290953362","99,98724293",0.3072052063604801,0.30709175495186225
990310,Kab. Agam,MultiPolygon,"-0,277200427","100,1938359",0.3709751815025252,0.3958082226069284
990298,Kota Sibolga,MultiPolygon,"1,748893288","98,79071623",0.3187700244633836,0.3213723970663667
990281,Kota Tanjung Balai,Polygon,"2,957916441","99,80695778",0.362096588443024,0.36472592748776794
990277,Kota Pematang Siantar,Polygon,"2,965650445","99,06495747",0.362096588443024,0.36472592748776794
990260,Kota Binjai,Polygon,"3,580362274","98,48327438",0.352452596028646,0.3592129794034093
990256,Kota Tebing Tinggi,Polygon,"3,326461987","99,15389781",0.4121205031269728,0.44300607392282193
990242,Kota Medan,Polygon,"3,636502748","98,68798724",0.352452596028646,0.3592188054865058
990235,Kab. Nias,MultiPolygon,"1,076823144","97,82872229",0.3049673677694916,0.30476791844223466
990221,Kab. Asahan,MultiPolygon,"2,909764072","99,66221829",0.362096588443024,0.36472592748776794
990214,Kab. Tapanuli Selatan,Polygon,"1,581497229","99,25205031",0.3319890617601796,0.3320652139066446
990200,Kab. Tapanuli Utara,MultiPolygon,"2,035908307","99,11204194",0.362096588443024,0.36472592748776794
990192,Kab. Dairi,Polygon,"2,849137314","98,33986329",0.3111111172762789,0.3107095367739901
990188,Kab. Labuhanbatu,MultiPolygon,"2,221792688","99,96692081",0.362096588443024,0.36472592748776794
990171,Kab. Simalungun,Polygon,"2,93351774","98,94427073",0.3111111419369481,0.3107095367739901
990167,Kab. Tapanuli Tengah,MultiPolygon,"1,762485438","98,63592365",0.3187929712160665,0.3213783957741475
990150,Kab. Langkat,MultiPolygon,"4,009683477","98,28799718",0.3720214412188292,0.38373351434264524
990146,Kab. Karo,Polygon,"3,112808492","98,25168751",0.352452596028646,0.3592188054865058
990132,Kab. Deli Serdang,MultiPolygon,"3,630069295","98,6895614",0.352452596028646,0.3592188054865058
990111,Kota Sabang,MultiPolygon,"5,856678555","95,28989745",0.3052716989228217,0.3053368585759946
990104,Kota Banda Aceh,MultiPolygon,"5,563375267","95,33231858",0.3052716989228217,0.3053631653448544
990099,Kab. Aceh Tenggara,Polygon,"3,470040198","97,68720468",0.3053910010752054,0.30544602519333947
990082,Kab. Aceh Tengah,Polygon,"4,592716618","96,91292612",0.3270764899976329,0.33144771691524594
990078,Kab. Aceh Barat,Polygon,"4,386293253","96,24901205",0.3270764899976329,0.3314530559501259
990061,Kab. Aceh Selatan,MultiPolygon,"3,20832076","97,26798301",0.3053910010752054,0.30544602519333947
990057,Kab. Aceh Timur,MultiPolygon,"4,829850359","97,56444966",0.3331862386067712,0.33268994263928287
990040,Kab. Aceh Utara,Polygon,"4,989360224","97,30715732",0.3331811461785832,0.33269188466698196
990036,Kab. Pidie,Polygon,"5,286099567","95,90055568",0.3052716989228217,0.3053631653448544
990022,Kab. Aceh Besar,MultiPolygon,"5,505239291","95,30809523",0.3052716989228217,0.3053631653448544
987642,Kab. Bombana,MultiPolygon,"-4,952279539","121,8532082",0.3071019459734058,0.31070748377327967
987638,Kab. Wakatobi,MultiPolygon,"-5,519376577","123,7902755",0.3247942930279356,0.33040496517913454
987621,Kab. Kepulauan Aru,MultiPolygon,"-6,114979979","134,5268558",0.3126497334181657,0.3133405034229008
987617,Kab. Kepahiang,Polygon,"-3,557667977","102,6178262",0.3364096161813443,0.3417668444700906
987600,Kab. Lebong,Polygon,"-3,122557867","102,3436747",0.3364096161813443,0.3417668444700906
987595,Kab. Pasaman Barat,MultiPolygon,"0,206796562","99,59006327",0.3072052063604801,0.30709175495186225
987581,Kab. Solok Selatan,Polygon,"-1,363696698","101,4205742",0.3527063049932921,0.35981862694326106
987574,Kab. Dharmasraya,Polygon,"-1,204575877","101,7081669",0.3527064159663033,0.35981862694326106
987560,Kab. Ogan Ilir,Polygon,"-3,476147934","104,5551758",0.4624247602982959,0.48790311562894567
987553,Kab. OKU Selatan,Polygon,"-4,567916743","103,944016",0.3631564731790558,0.3700427122790404
987549,Kab. OKU Timur,Polygon,"-4,084361399","104,5447138",0.4266339912799876,0.44834604590830157
987532,Kab. Bener Meriah,Polygon,"4,789582905","96,95324501",0.3270764899976329,0.3314530559501259
987528,Kab. Samosir,MultiPolygon,"2,562564671","98,78127349",0.3111111419369481,0.3107095367739901
987511,Kab. Supiori,MultiPolygon,"-0,59071942","135,4187202",0.3045479760988793,0.3045480007595486
987507,Kab. Sekadau,Polygon,"0,38988663","111,145047",0.3648560741694286,0.37691245339133506
987492,Kab. Melawi,Polygon,"-0,807756004","111,7083373",0.3648560988300977,0.37691245339133506
987485,Kab. Minahasa Utara,MultiPolygon,"1,64044451","124,9955733",0.3267321777343749,0.32926106154316537
987471,Kab. Tojo Una Una,MultiPolygon,"-0,57703481","121,8817149",0.3045480007595486,0.3045480007595486
987464,Kab. Lingga,MultiPolygon,"0,006290952","104,4963608",0.308340096521859,0.30887758197206416
987450,Kab. Sumbawa Barat,MultiPolygon,"-8,834579823","116,899157",0.3045594248145515,0.30456642844460213
987443,Kab. Kolaka Utara,MultiPolygon,"-3,171925823","121,051593",0.3211408333826551,0.3258493072818024
987439,Kab. Seram Bagian Barat,MultiPolygon,"-3,183451951","128,0653149",0.3228429805871214,0.32416815247198566
987422,Kab. Seram Bagian Timur,MultiPolygon,"-3,758835199","130,870465",0.3375813247218276,0.33757233590790686
987418,Kab. Serdang Bedagai,MultiPolygon,"3,415560733","99,09894921",0.4121205154573075,0.44301839809225135
980522,Kab. Tanjung Jabung Timur,MultiPolygon,"-1,209043145","104,1793561",0.3399934032709905,0.3523060315064709
980383,Kota Sorong,MultiPolygon,"-0,892764885","131,3698477",0.3101088521938126,0.3102337461529352
980379,Kab. Lembata,MultiPolygon,"-8,346758711","123,5534283",0.3081703139796402,0.3085850139579392
980362,Kab. Buru,MultiPolygon,"-3,295875217","126,8408728",0.3082088524404194,0.3083637830946176
980358,Kab. Kepulauan Tanimbar,MultiPolygon,"-7,448299087","131,3033444",0.304540436099274,0.304540436099274
980341,Kab. Luwu Utara,MultiPolygon,"-2,534010156","120,0374608",0.3329119009923455,0.3331060791015621
980337,Kab. Banggai Kepulauan,MultiPolygon,"-1,386499668","123,1483901",0.3323042621034565,0.336460996685606
980320,Kab. Morowali,MultiPolygon,"-3,020633722","122,3252141",0.3545781484276361,0.3780847414575438
980316,Kab. Buol,MultiPolygon,"0,988286722","121,6205303",0.3045480007595486,0.3045480007595486
980302,Kab. Boalemo,MultiPolygon,"0,523320389","122,3846524",0.3047992498224428,0.3047337942412404
980294,Kota Bontang,MultiPolygon,"0,11137261","117,4983417",0.3822371974135889,0.3917072581281567
980280,Kab. Kutai Timur,MultiPolygon,"1,104225644","117,6296202",0.3646329197739108,0.36962627988873087
980273,Kab. Kutai Barat,Polygon,"-0,997044868","116,1151808",0.3609827893189704,0.3658387031940499
980269,Kab. Malinau,Polygon,"2,530027501","115,5234511",0.3354021107066756,0.33656966392439985
980252,Kab. Nunukan,MultiPolygon,"3,938136191","116,7126717",0.3316767898713699,0.3320733950836492
980248,Kota Banjarbaru,Polygon,"-3,531555484","114,8218988",0.3609850334398674,0.36781436804569106
980231,Kab. Landak,Polygon,"0,414278811","109,713002",0.358200658933081,0.3647185416173447
980227,Kab. Bengkayang,MultiPolygon,"0,911827356","109,4031962",0.358200658933081,0.3647286339962115
980210,Kota Metro,Polygon,"-5,123680194","105,3109325",0.536732510653409,0.5568786806048771
980206,Kab. Way Kanan,Polygon,"-4,477570473","104,6543152",0.4266339912799876,0.448349276455966
980191,Kab. Lampung Timur,MultiPolygon,"-5,142992499","105,520442",0.536732510653409,0.5568786806048771
980184,Kab. Muaro Jambi,Polygon,"-1,447629385","103,3868664",0.3991263834635417,0.4097579000453752
980170,Kab. Tebo,Polygon,"-1,352315021","102,1984923",0.3835063710838849,0.3886523129241633
980163,Kab. Sarolangun,Polygon,"-2,311924719","102,3727776",0.3572822154651991,0.3579939593690813
980142,Kota Dumai,Polygon,"1,786589568","101,4727624",0.4116314635613953,0.42614111698035034
980138,Kab. Kuantan Singingi,Polygon,"-0,256217179","101,400523",0.3656194143584282,0.3687341986762155
980121,Kab. Natuna,MultiPolygon,"3,461159421","108,4341752",0.3051263427734373,0.3054425603693179
980117,Kab. Karimun,MultiPolygon,"0,837277247","103,567702",0.3641120001282345,0.36638399991122206
980100,Kab. Siak,Polygon,"0,81873535","102,020538",0.3869334766118215,0.40437286068694783
980095,Kab. Rokan Hilir,MultiPolygon,"2,142308557","100,6287445",0.4179928804648043,0.4262369298453285
980081,Kab. Rokan Hulu,Polygon,"0,930114725","100,4920796",0.3709751815025252,0.39600042169744304
980074,Kab. Pelalawan,MultiPolygon,"0,436454545","102,6275164",0.3869334519511523,0.404329346936159
980060,Kab. Kepulauan Mentawai,MultiPolygon,"-2,282204353","99,73859214",0.3058714032413979,0.30596701265585524
980053,Kab. Bireuen,Polygon,"5,076496929","96,7279836",0.3475483102509471,0.34929330536813435
980049,Kota Cilegon,MultiPolygon,"-5,985533202","106,0005989",0.3186055316347063,0.321622382269965
980032,Kota Depok,Polygon,"-6,389585217","106,8232261",0.4502420198074498,0.4504844033597696
980028,Kota Ternate,MultiPolygon,"0,81630948","127,2076371",0.3051803064827965,0.3054019442471594
980007,Kab. Aceh Singkil,MultiPolygon,"2,202071592","97,42527667",0.3077515079999214,0.30729215988005076
978598,Kab. Tambrauw,MultiPolygon,"-0,756096694","132,4307192",0.3045480007595486,0.3045480007595486
978582,Kab. Maybrat,Polygon,"-1,084989953","132,3131646",0.351876128225616,0.3518683477844861
978573,Kab. Deiyai,Polygon,"-4,276109167","136,4654024",0.3343307402639679,0.3353782083530616
978567,Kab. Intan Jaya,Polygon,"-3,492203072","136,9301645",0.3467709134805082,0.3476196289062505
978551,Kab. Pulau Morotai,MultiPolygon,"2,295152078","128,3733733",0.3200325520833332,0.32264321683633174
978542,Kab. Sabu Raijua,MultiPolygon,"-10,57183673","121,7781514",0.3102356326941279,0.310958356760969
978536,Kab. Nias Utara,MultiPolygon,"1,357172308","97,23609831",0.3049676390368528,0.3048887433909408
978454,Kota Tangerang Selatan,Polygon,"-6,308058712","106,7376797",0.4502506818675031,0.4504844033597696
978448,Kab. Tulang Bawang Barat,Polygon,"-4,380927095","105,0629938",0.464168491556187,0.5014458180437182
978432,Kab. Mesuji,Polygon,"-4,006337933","105,2781392",0.464168491556187,0.5014458180437182
978423,Kab. Pringsewu,Polygon,"-5,295252364","104,8956816",0.3376406829525723,0.35270335187815677
978417,Kab. Kepulauan Meranti,MultiPolygon,"1,026732504","102,5677422",0.3771106881806345,0.3926099249329234
978401,Kota Gunungsitoli,Polygon,"1,287429262","97,60335939",0.3049673924301608,0.30488887902462125
978397,Kab. Nias Barat,MultiPolygon,"0,921707286","97,39679036",0.3045480007595486,0.3045480007595486
977860,Kab. Bolaang Mongondow Selatan,MultiPolygon,"0,36508828","123,936695",0.3045480007595486,0.3045480007595486
977710,Kab. Bengkulu Tengah,Polygon,"-3,721090891","102,3286062",0.3364095853555078,0.3416575668797344
977562,Kota Sungai Penuh,Polygon,"-2,092607875","101,4348133",0.3430183919270826,0.34885232328164417
977412,Kab. Kepulauan Anambas,MultiPolygon,"3,155852035","106,2380749",0.3125925145004735,0.3130767144097221
977267,Kab. Labuhanbatu Selatan,Polygon,"1,7836249","100,0848513",0.3758698002979008,0.3908296342329544
977117,Kab. Labuhanbatu Utara,MultiPolygon,"2,367405714","99,65674571",0.362096588443024,0.36472592748776794
976962,Kab. Dogiyai,Polygon,"-4,083786945","135,3933564",0.3480952469026199,0.3489427477904041
976812,Kab. Puncak,Polygon,"-3,36147281","137,3324653",0.3512684276850533,0.3510796009410505
976664,Kab. Nduga,Polygon,"-4,577695496","138,4184542",0.3162005738537721,0.31628633133088757
976514,Kab. Lanny Jaya,Polygon,"-4,031971238","138,4793719",0.3162005738537721,0.31628633133088757
976369,Kab. Yalimo,Polygon,"-3,740250881","139,6639796",0.3342246007437654,0.3341298544527303
976219,Kab. Mamberamo Tengah,Polygon,"-3,572434815","138,9649809",0.3451099742542615,0.34490419330018945
976061,Kota Tual,MultiPolygon,"-5,536865684","132,4465645",0.3047314699731691,0.3046654287010733
975911,Kab. Manggarai Timur,Polygon,"-8,57426132","120,7120353",0.304540436099274,0.304540436099274
975772,Kab. Maluku Barat Daya,MultiPolygon,"-7,894572185","127,790351",0.304540436099274,0.304540436099274
975766,Kab. Tana Tidung,MultiPolygon,"3,601454927","117,276798",0.3504354149404192,0.3510606800426132
975622,Kab. Buru Selatan,MultiPolygon,"-3,583622671","126,5792798",0.3082088771010886,0.3083637830946176
975616,Kab. Kubu Raya,MultiPolygon,"-0,272482228","109,4942918",0.358200658933081,0.3647286339962115
975477,Kab. Lombok Utara,MultiPolygon,"-8,337450126","116,2701393",0.3045594248145515,0.3045697884607794
975461,Kota Serang,Polygon,"-6,113170191","106,1631729",0.4502506818675031,0.4504844033597696
975327,Kab. Toraja Utara,Polygon,"-2,852805283","119,793604",0.3120919214113793,0.3191759390782829
975311,Kab. Pesawaran,MultiPolygon,"-5,605234917","105,2032087",0.536732510653409,0.557162728357797
975172,Kab. Sigi,Polygon,"-1,41104916","119,9946687",0.3045480007595486,0.3045480007595486
975163,Kab. Padang Lawas Utara,Polygon,"1,603390765","99,7939218",0.3319890432646777,0.3320627786655616
975022,Kab. Bolaang Mongondow Timur,MultiPolygon,"0,6696536","124,5437981",0.3045480007595486,0.3045480007595486
975013,Kab. Padang Lawas,Polygon,"1,161827515","99,88747776",0.3319788645734692,0.3320627971610635
963461,Kab. Mamberamo Raya,MultiPolygon,"-2,371634728","137,4566825",0.3267572514697756,0.32728997741082605
963452,Kab. Sumba Tengah,MultiPolygon,"-9,608388031","119,6303003",0.3057630627564706,0.30596211134785334
963446,Kab. Sumba Barat Daya,MultiPolygon,"-9,561075126","119,1680416",0.3057697642933236,0.30596211134785334
963430,Kab. Nagekeo,MultiPolygon,"-8,689091561","121,2782924",0.304540436099274,0.304540436099274
963421,Kab. Gorontalo Utara,MultiPolygon,"0,915046611","122,7466109",0.3047992498224428,0.30475357826309923
963415,Kab. Minahasa Tenggara,MultiPolygon,"0,920309215","124,7697783",0.3045480007595486,0.3045480007595486
963409,Kab. Bolaang Mongondow Utara,MultiPolygon,"0,836700904","123,4472783",0.3045480007595486,0.3045480007595486
963395,Kota Kotamobagu,Polygon,"0,6853445","124,3149763",0.3045480007595486,0.3045480007595486
963389,Kab. Kep. Siau Tagulandang Biaro,MultiPolygon,"2,519273671","125,3995108",0.3053814265703909,0.3053973327020205
963370,Kab. Buton Utara,MultiPolygon,"-4,609763595","123,0572589",0.3172924558080806,0.32328752614030887
963364,Kab. Konawe Utara,MultiPolygon,"-3,47257334","122,2072837",0.3545795232599437,0.378085240836095
963358,Kab. Kayong Utara,MultiPolygon,"-1,246966463","109,6719369",0.3058532098327015,0.3062119979087753
963342,Kab. Empat Lawang,Polygon,"-3,827769073","102,9624012",0.3364096161813443,0.3417668444700906
963333,Kab. Batu Bara,MultiPolygon,"3,265534807","99,50693214",0.4121205154573075,0.44301841042258594
963327,Kota Subulussalam,Polygon,"2,636261663","97,95757834",0.3077515326605906,0.30729215988005076
963311,Kab. Pidie Jaya,Polygon,"5,15830679","96,19351131",0.3474991122159089,0.34929330536813435
963302,Kab. Bandung Barat,Polygon,"-6,888466677","107,4856959",0.4537076021444921,0.45375110973011423
941922,Kab. Toba Samosir,MultiPolygon,"2,41772577","99,17794197",0.362096588443024,0.36472592748776794
941915,Kab. Mandailing Natal,MultiPolygon,"0,854828523","99,18511438",0.3072052310211493,0.30709175495186225
941901,Kota Tarakan,MultiPolygon,"3,344142904","117,5882347",0.3504354149404192,0.3510602731415716
928282,Kab. Luwu Timur,MultiPolygon,"-2,667818939","121,0157264",0.3518722626657189,0.35818095505839576
